ein,first_name,last_name,department,gender,salary,legacy,old_premium
86-9010827,Missy,Somes,Engineering,F,40264.33,false,0
19-0431047,Genevieve,Durnian,Training,F,59757.79,true,1792.7337
46-1962550,Junette,Oiseau,Support,F,65632.75,true,1968.9825
86-1737840,Carline,Byre,Legal,F,83224.24,false,0
08-3376163,Liv,Jahnig,Marketing,F,95431.64,true,2862.9492
78-9237886,Vanna,Casaletto,Human Resources,F,-8307.04,true,-249.2112
59-4667748,Cornie,Achrameev,Support,F,39672.93,false,0
21-3754800,Danna,McKie,Research and Development,F,92103.76,false,0
16-5176620,Craggy,Denty,Accounting,M,112950.34,false,0
72-2504054,Gerek,Cheales,Legal,M,79774.6,false,0
11-0852963,Adrianne,Hakonsson,Research and Development,F,35619.29,false,0
94-8933901,Dorthy,Poll,Engineering,F,25639.97,false,0
24-0690438,Riccardo,Ventam,Sales,M,53920.0,true,1617.6
54-8967111,Peg,Medcalf,Sales,F,59991.27,true,1799.7381
15-0265466,Knox,Vondrys,Legal,M,86666.25,true,2599.9875
61-7332303,Tobiah,Drinan,Support,M,130185.8,false,0
59-3908020,Urban,Labin,Services,M,78273.43,false,0
12-8685230,Trescha,Boynes,Training,F,90941.53,true,2728.2459
49-2666479,Lissy,Quince,Services,F,76150.44,false,0
15-8074547,Otho,Hagland,Sales,M,103337.36,false,0
07-0188494,Emmy,Lockhart,Marketing,F,97073.37,true,2912.2011
80-0414362,Ernest,Spawell,Human Resources,M,82506.69,true,2475.2007
63-1411446,Seamus,Gounin,Accounting,M,86797.31,false,0
03-8400744,Freddy,Ivery,Accounting,M,100688.17,true,3020.6451
70-9087963,Diena,Portwaine,Product Management,F,68334.51,true,2050.0353
58-4786843,Sada,Charnock,Training,F,69828.66,true,2094.8598
28-7024712,Jere,Simione,Human Resources,F,64849.92,false,0
95-3350497,Phedra,Giovannacci,Support,F,29524.85,true,885.7455
71-0413774,Tim,Hartwell,Legal,M,42837.73,false,0
12-3931473,Ofilia,Rathbourne,Human Resources,F,66944.92,true,2008.3476
52-9918857,Hadlee,Dwane,Support,M,72248.49,true,2167.4547
52-2389923,Sonja,Keers,Engineering,F,92940.52,false,0
22-9174580,Dermot,Scathard,Business Development,M,64464.91,true,1933.9473
58-3143229,Rowe,Hexter,Accounting,F,62379.48,true,1871.3844
33-1021616,Koo,Lanning,Legal,F,101106.13,false,0
09-7590442,Cad,Klaffs,Marketing,M,46842.6,false,0
93-3360663,La verne,Dishmon,Product Management,F,53033.52,false,0
12-8375629,Dudley,Woolnough,Research and Development,M,93635.17,false,0
59-6555767,Tades,Abrahim,Accounting,M,24096.48,true,722.8944
59-0221612,Jere,Frarey,Services,M,44298.69,true,1328.9607
56-6300835,Alister,Goodram,Business Development,M,97943.0,true,2938.29
37-8926053,Mallory,Gioan,Research and Development,F,54715.99,false,0
31-6344595,Gaston,Emmens,Engineering,M,56697.52,true,1700.9256
25-2101934,Rickard,Blakeney,Product Management,M,84155.59,true,2524.6677
59-9356639,Paulita,Murfin,Legal,F,48533.59,false,0
31-0429314,Cordell,Crome,Business Development,M,56322.39,false,0
76-2041819,Gaelan,Pancoast,Product Management,M,71863.59,false,0
94-9542567,Marji,Dunford,Services,F,59924.64,false,0
78-3800630,Joanna,Rodman,Marketing,F,91260.23,true,2737.8069
82-1438611,Nancy,Gumbley,Sales,F,65943.25,true,1978.2975
14-5627578,Cole,Levet,Support,M,95489.96,false,0
49-2020696,Emery,Abbett,Business Development,M,95784.73,true,2873.5419
71-6420529,Sullivan,Quinet,Marketing,M,86926.34,false,0
20-9776530,Ewen,Laidlaw,Marketing,M,51396.2,true,1541.886
87-6373149,Thea,Wetherick,Training,F,75417.28,true,2262.5184
16-1532467,Gardiner,Linkleter,Accounting,M,58325.81,false,0
71-3920748,Maggy,Stolberg,Accounting,F,90327.42,false,0
55-6816395,Madeleine,Kighly,Accounting,F,68180.68,true,2045.4204
96-8687197,Devina,Prall,Legal,F,72606.03,false,0
54-2757299,Tonie,Plinck,Human Resources,F,33294.04,false,0
71-0376744,Allsun,Aberdalgy,Support,F,41077.63,false,0
76-4442259,Towny,Dani,Services,M,57558.22,true,1726.7466
07-0746680,Ezequiel,Bowick,Human Resources,M,100658.46,true,3019.7538
71-9111346,Darrick,Gaven,Sales,M,55247.02,true,1657.4106
33-4862101,Hagan,Faltin,Training,M,103503.72,true,3105.1116
57-1547886,Jerome,Giffkins,Accounting,M,94861.07,true,2845.8321
99-7489076,Leodora,Balshaw,Engineering,F,87128.0,true,2613.84
47-3257463,Ricardo,Fleg,Legal,M,16782.29,false,0
19-4237423,Aloise,Van Driel,Sales,F,75578.07,true,2267.3421
49-2357624,Miguel,Gilbanks,Services,M,64029.13,true,1920.8739
11-6206893,Oralle,Woolfoot,Engineering,F,107271.65,true,3218.1495
41-5786440,Myrilla,Schirach,Services,F,42426.84,true,1272.8052
06-2185730,Erv,Doding,Services,M,58745.95,false,0
85-5953342,Yolande,Bryde,Marketing,F,56751.06,false,0
42-4798618,Broddy,Hyndley,Services,M,36199.98,false,0
12-4691949,Vania,Bernardez,Product Management,F,102134.36,false,0
45-4947264,Marlene,Worswick,Product Management,F,57780.09,false,0
14-2148322,Domenic,Halleday,Business Development,M,75162.01,false,0
40-3328231,Judah,Crowson,Engineering,M,90661.09,false,0
32-9228786,Dominique,Frowde,Human Resources,M,66246.71,true,1987.4013
53-8629848,Trudy,Corney,Training,F,58503.35,true,1755.1005
17-4237645,Pier,Stoacley,Product Management,F,40981.84,false,0
30-4006838,Bengt,Oliffe,Business Development,M,63994.3,false,0
35-4999495,Glennie,Govett,Human Resources,F,85705.49,false,0
11-7587946,Zulema,Lough,Human Resources,F,63276.95,true,1898.3085
69-3397820,Shannon,Weatherley,Training,M,78965.96,false,0
25-3474940,Bryant,Wallwood,Services,M,68413.28,false,0
84-5849808,Lucille,Torrejon,Marketing,F,63572.65,true,1907.1795
72-1415476,Kenn,Lidyard,Legal,M,72627.89,false,0
92-9250304,Mela,Egell,Business Development,F,53358.11,true,1600.7433
37-2114276,Trish,Ducket,Legal,F,34823.28,false,0
53-8054164,Lilyan,Binham,Business Development,F,83550.22,true,2506.5066
76-7438057,Vladimir,Yeaman,Human Resources,M,78762.51,false,0
34-7585902,Heindrick,Dreamer,Support,M,33216.73,true,996.5019
87-7958674,Linnet,Clem,Services,F,49112.14,true,1473.3642
25-4581045,Corene,Oxburgh,Services,F,76761.56,true,2302.8468
47-3596777,Kayne,Treher,Sales,M,88544.8,false,0
84-6597789,Jorrie,Windrass,Engineering,F,93681.71,false,0
98-7096699,Shaughn,Van De Cappelle,Accounting,M,106060.45,false,0
58-7754126,Hatty,Campkin,Sales,F,78322.43,false,0
33-3260483,Helene,Oakenfall,Services,F,63841.16,true,1915.2348
78-8201650,Kacie,Matus,Services,F,99541.77,false,0
39-8036624,Dillon,Tomasoni,Human Resources,M,99659.33,false,0
40-2763195,Dmitri,Laffin,Accounting,M,36520.58,true,1095.6174
37-1216427,Ilario,Thews,Training,M,101266.45,true,3037.9935
58-6603555,Hillary,Divell,Business Development,M,84325.04,true,2529.7512
78-7439337,Skye,Drayn,Human Resources,M,81220.35,false,0
77-4891139,Yankee,Janssen,Support,M,60456.7,false,0
04-7157949,Giuseppe,Vaines,Research and Development,M,67017.25,false,0
52-0916882,Myranda,Faucherand,Business Development,F,90907.2,false,0
00-1093186,Lenci,Batalle,Human Resources,M,80635.58,true,2419.0674
62-6842706,Analise,Aynsley,Legal,F,47568.82,true,1427.0646
97-5069556,Gwynne,Coon,Support,F,83484.46,false,0
29-2987428,Fidole,Whetson,Legal,M,79138.15,false,0
00-9486272,Ilene,Deavall,Product Management,F,103893.48,true,3116.8044
54-4702952,Madelon,Gwyllt,Marketing,F,39484.73,false,0
33-7026935,Lloyd,Testo,Research and Development,M,49350.84,true,1480.5252
26-7545157,Francine,Biaggioli,Engineering,F,84503.51,true,2535.1053
42-7103799,Liz,Teresse,Sales,F,90338.24,true,2710.1472
60-1331267,Demetri,Alfuso,Sales,M,26692.63,false,0
82-2373056,Kirby,Messier,Legal,M,47175.56,true,1415.2668
04-0864844,Gordie,Rydeard,Training,M,87394.06,false,0
56-6993449,Manolo,Kentwell,Sales,M,65135.83,false,0
09-9424310,Ring,Hourican,Business Development,M,59346.22,true,1780.3866
75-6440900,Rafferty,De Marchi,Human Resources,M,89389.28,true,2681.6784
18-4415972,Vidovik,Lifton,Sales,M,71126.43,true,2133.7929
89-3501146,Netta,Bridges,Services,F,109156.72,false,0
58-3082687,Adria,Palombi,Product Management,F,68470.09,false,0
19-3472918,Alanson,Matterdace,Human Resources,M,97308.57,false,0
69-6814223,Marguerite,Gobell,Marketing,F,87928.08,true,2637.8424
14-0830262,Reed,Tree,Human Resources,M,73544.67,false,0
96-7421185,Dulsea,Warkup,Business Development,F,43382.88,true,1301.4864
57-7338163,Annadiane,MacPhail,Training,F,83473.59,false,0
71-3508740,Rodrick,Georgel,Human Resources,M,100986.93,false,0
06-6785355,Merci,Roblin,Business Development,F,60127.69,false,0
30-6653388,Florenza,Gowdie,Services,F,59413.33,false,0
58-0795823,Roxine,Collingwood,Support,F,63473.22,true,1904.1966
81-4657931,Clyve,Hunt,Services,M,19664.05,true,589.9215
39-0338630,Randy,Tingcomb,Legal,M,71079.04,true,2132.3712
06-9690335,Hyatt,Myring,Business Development,M,69017.06,false,0
43-8245539,Gare,Dewsnap,Legal,M,62304.94,true,1869.1482
41-0940526,Jacquenette,Williscroft,Sales,F,62237.85,true,1867.1355
18-9081890,Benyamin,Andreacci,Research and Development,M,58642.69,true,1759.2807
18-7877891,Lurlene,McParlin,Sales,F,84010.32,true,2520.3096
57-4184504,Colman,D'Arrigo,Training,M,63629.9,false,0
30-1964088,Huntley,Espinos,Sales,M,69322.67,false,0
83-7643037,Marmaduke,Tonry,Engineering,M,62496.79,false,0
58-8737421,Lane,Huggill,Support,F,68320.5,true,2049.615
09-9364421,Inna,Duckett,Research and Development,F,56109.88,false,0
67-2354540,Garvin,Faull,Business Development,M,33042.34,true,991.2702
26-2726993,Harmonie,Ceci,Legal,F,89563.1,false,0
65-5345722,Roley,Hindmoor,Sales,M,77203.26,true,2316.0978
30-0526157,Curtice,Kose,Support,M,52746.92,false,0
15-6058894,Tonie,Gladyer,Support,F,40686.17,false,0
65-0147865,Katha,Martynov,Support,F,95936.29,true,2878.0887
99-9592747,Ambrose,Gloucester,Engineering,M,89914.29,true,2697.4287
58-3807486,Zed,Boakes,Services,M,75930.25,false,0
32-3501776,Arlinda,Metschke,Business Development,F,83141.16,false,0
87-7223817,Holly,Doumer,Research and Development,M,68072.4,false,0
12-7045788,Alanna,Mapother,Sales,F,58158.22,false,0
77-7427791,Ken,Buche,Product Management,M,108785.76,true,3263.5728
40-0103619,Gleda,Bilbrooke,Sales,F,69618.95,true,2088.5685
29-1388885,Noe,Roskeilly,Accounting,M,83729.0,true,2511.87
83-8935024,Adella,Bairstow,Marketing,F,66596.96,false,0
19-4507123,Cathyleen,Kinch,Sales,F,101110.02,false,0
40-7903680,Evie,Klimpt,Human Resources,F,70204.93,true,2106.1479
90-3253953,Angele,Ivashnyov,Training,F,84222.24,false,0
49-3420974,Dicky,Gallemore,Services,M,70227.63,true,2106.8289
71-4827307,Bendick,Wagg,Support,M,93680.09,true,2810.4027
75-5102154,Paloma,Greydon,Research and Development,F,49411.48,true,1482.3444
05-4291464,Fredi,Murrum,Research and Development,F,78732.73,false,0
30-8425265,Karlens,Rickarsey,Marketing,M,75766.47,false,0
40-2386263,Torrin,Beedell,Engineering,M,52866.79,true,1586.0037
02-3203600,Honor,Atkins,Human Resources,F,54825.04,true,1644.7512
71-9229536,Scarlet,Delves,Human Resources,F,35082.73,true,1052.4819
70-1318322,George,Graeme,Product Management,M,93788.02,true,2813.6406
62-7970776,Georas,Dronsfield,Research and Development,M,45554.85,false,0
59-0492705,Alice,Schaumaker,Support,F,53572.56,false,0
25-7648377,Evyn,Normington,Engineering,M,61171.04,false,0
45-1035226,Tessi,Ancketill,Services,F,44804.99,false,0
13-2034149,Kile,Bonniface,Legal,M,51485.94,true,1544.5782
49-4004459,Olwen,Peachey,Services,F,96941.91,false,0
18-2973532,Matteo,Spensly,Marketing,M,46569.11,false,0
40-2109339,Lishe,Slyman,Research and Development,F,61171.72,false,0
05-6904212,Gallard,Lewer,Product Management,M,75058.14,true,2251.7442
45-1948729,Moses,Aggis,Marketing,M,43327.26,true,1299.8178
11-2546062,Julius,Curton,Support,M,61740.31,true,1852.2093
14-0044690,Tommy,Randalston,Business Development,F,46363.61,true,1390.9083
53-6214920,Mariquilla,Kermannes,Business Development,F,75033.9,false,0
69-4599976,Bobinette,Croy,Support,F,85906.8,false,0
64-2992361,Vidovic,Cubbin,Marketing,M,61491.56,false,0
53-4161464,Pyotr,Tzar,Services,M,18913.48,false,0
15-1306314,Ted,O' Clovan,Legal,F,83056.9,true,2491.707
25-9280232,Wileen,Bras,Legal,F,40172.08,true,1205.1624
88-2996115,Tybie,Guiraud,Engineering,F,113508.59,false,0
58-1647419,Kirstyn,Handover,Training,F,104749.11,false,0
04-9597624,Brannon,Scapelhorn,Legal,M,25129.79,true,753.8937
01-1312475,Wain,Fell,Business Development,M,93954.17,true,2818.6251
90-9619428,Olive,Dunbobbin,Services,F,68974.67,false,0
46-1426341,Marjie,Raddan,Engineering,F,53083.43,false,0
95-9708351,Neilla,Arnould,Business Development,F,61184.4,true,1835.532
33-4825454,Danella,Bealton,Services,F,84342.97,true,2530.2891
89-7828503,Ann-marie,Douris,Training,F,43164.72,false,0
79-1547165,Josi,Gummory,Accounting,F,68250.75,false,0
04-5953238,Dana,Fever,Sales,M,123271.57,false,0
20-4633897,Rowe,Verna,Accounting,F,42123.16,false,0
11-5282106,Fair,Flade,Sales,M,73117.71,false,0
17-2747318,Ewan,Water,Research and Development,M,73634.3,true,2209.029
61-0113141,Gustaf,Rummer,Support,M,105209.79,true,3156.2937
57-1518454,Abraham,Langlois,Business Development,M,81118.6,false,0
56-5286709,Afton,Hartford,Research and Development,F,86259.69,false,0
64-1384600,Codi,Macbane,Product Management,F,76825.91,true,2304.7773
29-4985999,Ginger,Tinsley,Business Development,F,91018.81,false,0
54-9253798,Alisun,Rainard,Services,F,58985.79,false,0
97-1384454,Belita,Petroselli,Research and Development,F,139804.16,true,4194.1248
43-3685013,Laurice,Rillstone,Research and Development,F,73526.65,false,0
60-3864943,Galvan,Cheetam,Training,M,50556.53,true,1516.6959
45-7007393,Aylmer,Klimuk,Engineering,M,74385.68,true,2231.5704
51-5848223,Ginelle,Brignell,Research and Development,F,75207.88,false,0
88-3603636,Alvy,Stickland,Business Development,M,74253.82,false,0
74-6304913,Ransell,Fransman,Human Resources,M,73559.18,true,2206.7754
46-7234317,Graeme,Kershaw,Training,M,61849.13,true,1855.4739
71-3120141,Taryn,Boliver,Support,F,52613.36,false,0
81-3727677,Mortimer,Saunter,Human Resources,M,104100.59,true,3123.0177
98-6664084,Lin,Carah,Business Development,M,81230.52,false,0
94-5524434,Bernardo,Brogi,Accounting,M,56711.94,true,1701.3582
60-6577813,Winny,Draaisma,Business Development,M,75218.13,false,0
18-5045768,Merill,Wilmott,Product Management,M,85398.9,true,2561.967
69-7002966,Kacey,Draysey,Sales,F,68952.03,true,2068.5609
66-3475867,Constance,Abrahmovici,Product Management,F,65713.68,false,0
96-4848364,Aurilia,Etridge,Sales,F,78793.26,true,2363.7978
91-8765027,Kathrine,Sparrow,Services,F,65839.21,false,0
62-1651506,Jorgan,Valett,Engineering,M,93659.89,true,2809.7967
04-2202484,Siobhan,Andersen,Training,F,71762.59,true,2152.8777
56-0518626,Bernita,Tomkys,Human Resources,F,45323.72,true,1359.7116
61-9622812,Sterne,Megany,Training,M,76351.17,true,2290.5351
79-0833954,Heidi,Sallings,Accounting,F,85820.77,false,0
66-1893995,Alejoa,Bambrugh,Support,M,64911.8,true,1947.354
28-2944016,Tanhya,Wysome,Product Management,F,65655.64,false,0
23-6296338,Nate,Puckrin,Marketing,M,40019.59,true,1200.5877
52-7905752,Leonore,Hedley,Training,F,71611.33,true,2148.3399
83-2491508,Emmi,Gooble,Marketing,F,97252.91,true,2917.5873
32-2600256,Artair,Bonnar,Legal,M,73718.65,true,2211.5595
95-0416806,Eugenia,Meadmore,Human Resources,F,57834.84,false,0
55-0210103,Erastus,Sevier,Product Management,M,50094.69,true,1502.8407
60-2524827,Bernhard,Firidolfi,Training,M,84396.33,true,2531.8899
81-5630303,Emilie,Trevenu,Sales,F,54643.65,false,0
29-1399608,Clint,Graben,Legal,M,75225.52,true,2256.7656
00-7621488,Alexandrina,Fenner,Human Resources,F,67653.83,false,0
24-6556818,Sada,Garmans,Accounting,F,82699.52,true,2480.9856
42-1781539,Helena,Garbott,Legal,F,87719.61,false,0
48-4557893,Brook,Houlden,Engineering,F,82497.01,true,2474.9103
31-1154430,Kora,Duffit,Human Resources,F,101185.65,true,3035.5695
85-2333406,Ilise,Lauder,Training,F,68642.2,true,2059.266
25-8012107,Homer,Waud,Engineering,M,75296.0,true,2258.88
25-1777588,Bobbi,Benediktsson,Research and Development,F,75174.65,false,0
45-6722744,Shayne,Isakovitch,Marketing,M,54342.49,true,1630.2747
21-3536740,Idell,Bein,Support,F,67286.95,false,0
16-2789972,Lynnet,Treend,Training,F,14434.02,false,0
10-6738521,Corina,Forcade,Legal,F,86846.52,false,0
32-7292502,Alvina,Carnall,Product Management,F,65777.52,false,0
24-6028047,Shell,Derye-Barrett,Human Resources,M,83850.16,false,0
57-0978632,Lurlene,Galea,Services,F,72912.19,false,0
62-6101319,El,Allenson,Services,M,79196.91,true,2375.9073
23-4926251,Eadmund,Maxworthy,Product Management,M,46292.82,true,1388.7846
79-9535564,Alfons,Lippiello,Legal,M,72799.57,false,0
03-1224269,Mannie,Hargroves,Accounting,M,110338.26,true,3310.1478
21-5579294,Barrett,Newbatt,Support,M,52841.79,true,1585.2537
31-8828099,Freddie,Beadham,Product Management,F,71983.42,false,0
51-9878242,Wilden,Delafont,Marketing,M,107130.21,true,3213.9063
48-2433970,Kylila,Bispham,Engineering,F,56620.23,false,0
12-3766997,Moll,Faherty,Human Resources,F,96497.62,false,0
82-3965281,Nicky,Moyser,Training,M,68018.22,true,2040.5466
94-2233379,Laird,Casely,Support,M,75794.13,false,0
13-4238674,Wait,Gaucher,Legal,M,84709.01,false,0
65-9568359,Ilene,Lunn,Product Management,F,58825.43,false,0
71-4631969,Rhys,Treves,Accounting,M,50915.11,true,1527.4533
79-5846485,Trudy,Addionizio,Training,F,73171.94,false,0
39-0081430,Harcourt,Whitsun,Marketing,M,52502.11,true,1575.0633
79-0604683,Anastassia,Figura,Support,F,73497.7,true,2204.931
25-5892740,Jenine,Wigsell,Legal,F,67247.14,false,0
34-6324759,Keeley,Pedrollo,Human Resources,F,66961.99,false,0
26-5000940,Orion,McKinney,Support,M,73075.93,false,0
30-5266090,Hakim,Karolovsky,Services,M,38742.42,false,0
82-1635978,Francklin,Severns,Research and Development,M,84431.67,false,0
23-6767240,Haskel,Clayal,Legal,M,85200.55,false,0
09-0221027,Tobye,Alloisi,Business Development,F,66346.05,false,0
20-8854142,Cecily,Beekmann,Sales,F,44663.53,false,0
33-0400287,Rochester,Budcock,Business Development,M,73546.57,false,0
10-7162142,Cindee,Currey,Business Development,F,62065.94,true,1861.9782
26-1513572,Marcus,Gladebeck,Services,M,86124.89,true,2583.7467
99-8410173,Roderich,Bessant,Training,M,100119.1,false,0
74-3237627,Damien,McGlashan,Human Resources,M,77024.29,false,0
00-3580851,Renault,Norridge,Business Development,M,26602.52,true,798.0756
08-4177687,Randy,Stanwix,Services,F,61767.37,false,0
04-8729952,Costa,Kenwell,Sales,M,60129.15,true,1803.8745
25-3322005,Aili,Hallihan,Research and Development,F,96341.24,true,2890.2372
02-8496681,Rodger,Delea,Business Development,M,68097.9,false,0
31-6221891,Hernando,Lidgett,Engineering,M,106659.31,false,0
52-0145793,Jarrid,Cotgrave,Marketing,M,76052.09,false,0
78-2168073,Pauly,MacCorley,Accounting,M,68166.31,true,2044.9893
70-6822794,Clarke,Scown,Research and Development,M,67878.63,true,2036.3589
78-1571818,Ernestus,Coatham,Business Development,M,90924.6,true,2727.738
18-9453228,Nan,Downer,Accounting,F,87201.81,false,0
24-8049416,Stanislaus,Queenborough,Business Development,M,29338.58,false,0
97-6742921,Alfreda,Kerley,Engineering,F,125831.39,false,0
25-7535870,Chane,Gilphillan,Marketing,M,79438.5,true,2383.155
73-2122182,Kym,Maundrell,Legal,F,83772.55,false,0
25-4902300,Dorie,Shearman,Engineering,F,48954.69,true,1468.6407
13-8877775,Engelbert,McGreil,Human Resources,M,79096.25,false,0
67-0875918,Wilbert,Attrill,Support,M,30644.13,false,0
69-2419361,Tom,Pendreigh,Training,M,114542.91,false,0
70-4236598,Alyda,Forty,Business Development,F,86302.16,false,0
05-2049956,Honor,Dayes,Legal,F,113913.8,false,0
81-5339912,Florian,Thirtle,Accounting,M,61943.05,true,1858.2915
43-3795471,Laurel,Badham,Training,F,76534.52,false,0
77-3134203,Emmott,Kitchenside,Support,M,72602.17,false,0
03-5376235,Marsha,Crumbleholme,Support,F,72721.0,true,2181.63
04-8755831,Nobe,Seedull,Training,M,33570.33,false,0
39-7878905,Rosemarie,Grieg,Training,F,64956.18,false,0
64-9581042,Sephira,Skirlin,Accounting,F,75633.05,false,0
84-1691343,Idalia,Baden,Services,F,51535.84,true,1546.0752
79-2700596,Lloyd,Kepling,Legal,M,118317.42,true,3549.5226
19-9689329,Sayer,Ferrai,Marketing,M,72538.04,false,0
80-3521255,Duke,Miquelet,Support,M,68143.75,true,2044.3125
11-4999271,Humberto,Olivo,Product Management,M,37225.39,true,1116.7617
70-4049262,Adrienne,Hughson,Human Resources,F,83111.32,false,0
54-6276176,Jehu,Olphert,Support,M,85912.88,false,0
71-7812407,Molli,Doorey,Accounting,F,51281.27,true,1538.4381
75-0607659,Jessica,Willatt,Human Resources,F,80600.05,false,0
27-8212825,Martie,Petrello,Training,M,68935.04,true,2068.0512
02-5280772,Ania,Popeley,Accounting,F,37498.9,true,1124.967
55-4448237,Neel,Rackley,Training,M,72621.45,false,0
09-3017509,Donnie,Wraight,Support,M,52596.67,false,0
68-6692551,Langsdon,Keatch,Support,M,46709.15,true,1401.2745
72-0374838,Loutitia,Jeromson,Services,F,59205.69,true,1776.1707
89-9509300,Currey,Bunney,Product Management,M,51041.18,true,1531.2354
49-0881348,Rhona,Thunnercliffe,Human Resources,F,62996.6,false,0
23-9265396,Meryl,Willeson,Business Development,M,78795.57,false,0
53-8264437,Gerta,Skidmore,Product Management,F,54105.29,true,1623.1587
08-1301795,Aleta,Simmonite,Sales,F,72946.43,false,0
79-1018870,Jasmina,Backler,Engineering,F,104108.14,false,0
03-9744285,Rodrigo,Raine,Engineering,M,113203.54,false,0
78-5537136,Georg,Gammack,Accounting,M,2194.93,true,65.8479
28-8253777,Eberhard,Caddock,Engineering,M,63062.08,false,0
68-7433067,Roxie,Guerrieri,Business Development,F,84589.18,true,2537.6754
31-9002452,Pincas,Matten,Training,M,98829.85,true,2964.8955
84-2047449,Ramona,Finlry,Training,F,68683.52,false,0
15-0946976,Homere,Gladdolph,Research and Development,M,88473.64,false,0
74-8044998,Toiboid,Etherson,Accounting,M,68450.64,false,0
84-6821008,Yulma,Grzelak,Services,M,59230.72,true,1776.9216
60-1286767,Manon,Houlahan,Research and Development,F,70523.0,true,2115.69
99-9040391,Errick,Cains,Engineering,M,69006.01,true,2070.1803
02-4133917,Shanta,Marquiss,Training,F,87180.48,false,0
65-2156180,Ephraim,Nother,Support,M,80954.29,true,2428.6287
51-4341500,Erminia,Rosettini,Sales,F,54908.98,true,1647.2694
18-1121362,Marabel,Hugonet,Services,F,58807.7,false,0
16-2858594,Zebulon,Steer,Product Management,M,78049.14,false,0
34-2355835,Magnum,Phittiplace,Support,M,81178.51,true,2435.3553
96-3334660,Lucille,Mallindine,Support,F,94515.62,false,0
40-6228997,Phillip,Petrasek,Sales,M,59604.89,true,1788.1467
08-5445968,Russell,Dunham,Services,M,73695.59,false,0
85-8035981,Avrit,Harrower,Accounting,F,74374.82,true,2231.2446
22-4455543,Lavena,Broun,Services,F,49752.21,true,1492.5663
46-0577158,Guglielma,Spreag,Legal,F,23761.9,false,0
67-6348560,Edvard,McCalister,Research and Development,M,80435.03,false,0
03-3536945,Frederique,Grindley,Training,F,45131.57,false,0
72-2080434,Esme,Wynne,Product Management,M,47017.96,true,1410.5388
85-6381244,Lolly,Greeveson,Human Resources,F,67316.35,false,0
08-4890304,Rosita,Checchi,Engineering,F,60030.72,false,0
37-8550418,Petey,Buttner,Research and Development,M,64029.21,true,1920.8763
24-8462067,Ladonna,Giovannazzi,Support,F,88971.44,true,2669.1432
76-9260867,Jsandye,Mullins,Services,F,87328.89,true,2619.8667
88-9234731,Rena,Laxtonne,Research and Development,F,70116.98,false,0
00-2734559,Ilise,Ropking,Marketing,F,103620.73,true,3108.6219
88-6853028,Clarey,Danilchik,Business Development,F,83939.95,false,0
32-4608472,Glynis,Earlam,Human Resources,F,113470.82,true,3404.1246
65-3230117,Levon,Conibere,Legal,M,57028.78,false,0
75-9549253,Whit,Tice,Accounting,M,46451.35,false,0
98-3666425,Arlana,Grunwald,Research and Development,F,103946.03,false,0
14-3654616,Mario,Levene,Accounting,M,39607.23,false,0
24-5991283,Edmon,Meni,Engineering,M,59819.5,false,0
10-5416485,Babs,Brendish,Marketing,F,93910.17,false,0
57-0012497,Faythe,Carlo,Human Resources,F,62315.72,false,0
62-5538791,Binny,Gopsell,Legal,F,58415.27,true,1752.4581
34-7376950,Karlen,Zecchii,Engineering,F,85018.95,true,2550.5685
69-3233643,Westbrook,Johann,Research and Development,M,54665.35,false,0
76-9049036,Laurence,Bustard,Services,M,47836.86,false,0
51-6375888,Garrek,Joye,Legal,M,53053.73,false,0
95-1424696,Nesta,Davids,Support,F,68595.93,false,0
05-4829533,Carmela,Fer,Engineering,F,98781.43,true,2963.4429
35-6862377,Donalt,Rainton,Marketing,M,48618.33,true,1458.5499
72-6492326,Uri,Dosdill,Services,M,62238.31,false,0
70-1941904,Roman,Ferryn,Research and Development,M,98668.77,true,2960.0631
02-8482340,Petra,Goodread,Training,F,44619.74,true,1338.5922
04-8368005,Julius,Sugar,Marketing,M,54613.28,false,0
12-8922524,Ulla,Holde,Engineering,F,60911.72,false,0
39-4324466,Yoshi,Insall,Training,F,59952.05,false,0
23-7113180,Cullen,Adlem,Services,M,35728.97,false,0
84-3074600,Gregoor,Conkie,Engineering,M,61650.59,true,1849.5177
74-2055552,Berty,Guerrero,Sales,F,47659.89,true,1429.7967
11-1483284,Moses,Galsworthy,Marketing,M,54330.71,false,0
21-1150010,Alva,Moynham,Research and Development,M,74876.64,false,0
15-7775210,Brittan,Kubanek,Research and Development,F,92329.3,true,2769.879
18-3901452,Luther,Oldacres,Engineering,M,59858.85,false,0
28-2452533,Leif,Tedman,Engineering,M,57103.55,true,1713.1065
40-3913829,Nico,Morant,Marketing,M,65012.77,false,0
50-9185653,Karita,Dunderdale,Training,F,74309.0,false,0
61-7219205,Lyndel,Longfut,Research and Development,F,55672.87,false,0
27-3496995,Maurits,Peller,Product Management,M,109936.2,true,3298.086
04-5406422,Del,Downey,Research and Development,F,59742.63,true,1792.2789
69-3368273,Daisy,Habben,Marketing,F,75552.08,false,0
79-8615432,Hadlee,Gurley,Business Development,M,84681.08,false,0
80-5003260,Jaymie,Jeppensen,Product Management,M,45058.77,true,1351.7631
46-7691269,Yorgo,De Lasci,Legal,M,64050.64,true,1921.5192
97-4557241,Fleur,Aveline,Support,F,61779.4,false,0
89-3132135,Slade,Abramof,Product Management,M,75649.47,false,0
70-7301257,Claudelle,de Keep,Accounting,F,72621.76,false,0
40-5943589,Jamil,Crame,Engineering,M,87184.35,true,2615.5305
55-7478790,Kean,Vasyukhnov,Human Resources,M,79724.37,false,0
10-5253883,Thacher,Antognoni,Marketing,M,88791.11,true,2663.7333
83-6118801,Cathrine,Kilcoyne,Training,F,117093.25,false,0
33-6400805,Chico,Cowie,Legal,M,53180.6,true,1595.418
53-6296767,Wiley,Doudney,Human Resources,M,78736.25,false,0
53-0296532,Blisse,Blenkiron,Business Development,F,95139.87,false,0
96-5860859,Amalita,Haskey,Product Management,F,87200.58,false,0
68-3058700,Laughton,Pask,Sales,M,61170.12,true,1835.1036
03-6336481,Agnesse,Patemore,Product Management,F,108690.97,true,3260.7291
12-3418217,Elissa,Tschirasche,Services,F,50546.77,false,0
49-0513723,Trix,O' Concannon,Legal,F,82711.24,true,2481.3372
24-6302615,Tiebold,Caddock,Training,M,42040.89,false,0
44-0792163,Lynnelle,Vears,Human Resources,F,89448.15,true,2683.4445
55-3293521,Coralie,Olsson,Accounting,F,60078.76,true,1802.3628
32-1638762,Selia,Offill,Training,F,86339.98,false,0
65-0622504,Reginald,MacCook,Human Resources,M,69452.68,false,0
62-5848383,Alexis,Lethbury,Training,F,59941.83,false,0
86-7826894,Benjie,Knight,Research and Development,M,59023.99,false,0
63-0736842,Merrick,Etoile,Services,M,38077.77,false,0
56-2141470,Ximenes,Butte,Marketing,M,63132.34,true,1893.9702
40-7828051,Mala,Haining,Engineering,F,73860.79,true,2215.8237
24-9159793,Damiano,Oakes,Accounting,M,41628.76,false,0
32-7593964,Kania,Probert,Training,F,41197.99,true,1235.9397
38-8885078,Natka,Jantzen,Research and Development,F,35289.06,false,0
21-3601477,Kerk,Atling,Sales,M,67729.32,false,0
30-2913125,Kare,Fairlie,Business Development,F,53281.9,true,1598.457
16-4080417,Nikita,Breddy,Training,M,-2695.74,true,-80.8722
38-6623481,Bartolemo,Canner,Business Development,M,95149.69,false,0
00-4145065,Odelinda,Paget,Product Management,F,67808.4,true,2034.252
03-1655307,Luis,Peschke,Sales,M,68333.73,false,0
42-0097267,Dennie,Bolam,Services,F,45025.5,true,1350.765
88-3015947,Chip,Odd,Human Resources,M,89820.96,false,0
63-9196745,Bren,Deare,Research and Development,F,117869.83,true,3536.0949
17-6515996,Paulo,Riste,Engineering,M,59656.47,true,1789.6941
25-1226534,Dewitt,Vlies,Human Resources,M,96120.08,true,2883.6024
78-9902011,Pebrook,Deere,Marketing,M,63791.46,true,1913.7438
95-4207129,Alexandra,Witling,Product Management,F,68449.84,false,0
33-0696357,Britt,Sowerbutts,Training,M,87741.95,true,2632.2585
51-0029535,Van,Caulfield,Engineering,M,92175.45,true,2765.2635
80-1483044,Ki,Spohr,Product Management,F,56805.49,false,0
98-2302825,Augy,Janz,Research and Development,M,74729.71,false,0
73-2107543,Donnell,Girton,Accounting,M,93883.86,false,0
38-5607054,Maura,Ipgrave,Engineering,F,51084.49,false,0
70-1335043,Eddy,Linch,Legal,F,23259.89,true,697.7967
18-6263150,Giacomo,McDell,Marketing,M,88214.76,false,0
27-7071475,Zacharias,Ladbury,Support,M,87250.4,true,2617.512
17-9509816,Perceval,Hyett,Engineering,M,60931.44,true,1827.9432
32-2001778,Phyllys,Avramovsky,Business Development,F,89804.78,false,0
69-5036578,Nicoline,Traill,Support,F,71453.1,false,0
21-5134786,Zsazsa,Sansam,Services,F,77979.0,false,0
88-1142250,Ardella,Keets,Support,F,48401.29,false,0
87-0194417,Steven,McCorkindale,Legal,M,73346.86,true,2200.4058
69-7029347,Lanita,Bellenger,Sales,F,86134.07,true,2584.0221
08-4730971,Mohammed,Peskett,Research and Development,M,53608.77,false,0
67-1132216,Cad,Macer,Sales,M,61916.81,true,1857.5043
55-9344919,Mayne,Adamo,Product Management,M,83380.18,false,0
11-8240503,Johnna,Scotchmer,Engineering,F,57377.52,false,0
67-2418772,Minnie,Scotney,Business Development,F,74254.97,false,0
26-9386355,Gusella,McQuaide,Product Management,F,50366.31,true,1510.9893
02-2170023,Alene,Endersby,Sales,F,75424.95,true,2262.7485
01-9619514,Hettie,Klaff,Legal,F,106613.02,true,3198.3906
70-8706231,Brana,Chat,Accounting,F,78802.37,false,0
80-5394437,Joelly,Peaker,Services,F,86708.81,false,0
36-8166220,Kenton,Sawkin,Marketing,M,76186.27,false,0
29-4785604,Sam,Gieves,Engineering,F,47412.04,true,1422.3612
10-9991139,Even,Laguerre,Sales,M,81779.96,true,2453.3988
09-9460273,Piotr,Dangerfield,Accounting,M,66735.12,true,2002.0536
12-9005628,Pat,Cockram,Accounting,M,84185.74,false,0
44-4897993,Jade,Southgate,Accounting,F,70679.87,false,0
12-5517354,Claudian,Pfaffe,Legal,M,43347.93,false,0
47-7417790,Bronnie,Wylder,Human Resources,M,96221.49,false,0
29-7047837,Tiebold,Camsey,Product Management,M,17348.36,true,520.4508
67-5228070,Farrel,Keirl,Research and Development,M,45465.83,false,0
60-7156258,Carrissa,Slayford,Engineering,F,80664.95,false,0
54-2075551,Durante,Sokill,Legal,M,79582.03,true,2387.4609
92-7993190,Marvin,Blaycock,Business Development,M,32329.56,true,969.8868
93-0622886,Elicia,Ceyssen,Research and Development,F,87043.85,false,0
51-3022801,Gearalt,Phear,Product Management,M,78857.31,true,2365.7193
89-2975147,Lance,Mowatt,Support,M,47007.02,false,0
19-1963350,Hersh,Rawnsley,Accounting,M,52182.32,true,1565.4696
03-0990677,Rod,Abendroth,Marketing,M,38266.87,false,0
87-3446674,Cash,Ingerman,Services,M,75146.55,false,0
75-1568526,Wilfred,Berthelmot,Services,M,87480.78,false,0
11-0122092,Wendie,Booy,Marketing,F,33926.31,true,1017.7893
13-3612636,Allyson,Mantione,Legal,F,87830.55,true,2634.9165
65-4355875,Kev,Haffenden,Accounting,M,70453.35,true,2113.6005
79-0385013,Steward,Girth,Accounting,M,64116.83,true,1923.5049
35-5301950,Kaila,Dameisele,Business Development,F,76490.66,false,0
03-1015484,Cristina,Koppelmann,Support,F,44759.61,true,1342.7883
23-0899951,Bartolomeo,Duester,Services,M,100768.49,true,3023.0547
61-5673984,Libbie,Showalter,Accounting,F,86457.88,true,2593.7364
77-6610178,Kevon,Curuclis,Business Development,M,15055.85,false,0
39-3198934,Beckie,Vasilchikov,Product Management,F,69050.5,false,0
95-8872873,Skyler,Minster,Sales,M,68515.26,true,2055.4578
11-7485436,Hillie,Woodall,Business Development,M,107981.61,true,3239.4483
56-7278196,Dieter,Pirrey,Business Development,M,100121.54,true,3003.6462
01-0477035,Darb,Kaesmakers,Accounting,F,66784.08,true,2003.5224
59-8431047,Avrit,Bushen,Human Resources,F,53643.56,true,1609.3068
92-5350052,Gerry,Bartaloni,Support,M,73312.01,false,0
13-6448410,Bessy,Sheeran,Legal,F,48990.49,true,1469.7147
88-1193572,Cristine,Alennikov,Accounting,F,114795.05,false,0
82-2759651,Cori,Dearlove,Business Development,M,91237.42,true,2737.1226
82-7331288,Forster,Tinham,Services,M,53585.39,false,0
55-4222076,Eunice,Gresswell,Product Management,F,61419.81,true,1842.5943
68-9938809,Ira,Collicott,Services,F,57486.89,false,0
10-4882381,Christoper,Selkirk,Support,M,124116.74,true,3723.5022
54-2763843,Helena,Vynehall,Human Resources,F,81502.3,true,2445.069
72-1088591,Claresta,Frankum,Sales,F,69112.73,true,2073.3819
49-7628560,Jermain,Hinze,Engineering,M,110055.43,false,0
19-0959921,Cirilo,Hewell,Sales,M,95480.06,false,0
09-2534526,Orelie,Mathouse,Product Management,F,87279.64,false,0
70-7745085,Barbette,Chichgar,Business Development,F,59002.64,false,0
11-2936100,Wilbert,Curphey,Sales,M,60942.69,true,1828.2807
16-7309636,Aloin,Hughes,Engineering,M,28291.62,false,0
46-7316424,Nappy,Facer,Engineering,M,80547.48,true,2416.4244
55-4807865,Marigold,Telezhkin,Support,F,77767.51,false,0
59-7389748,Sapphira,Iceton,Business Development,F,61015.19,false,0
54-2404456,Spense,Oiseau,Services,M,73530.83,true,2205.9249
64-2981860,Sebastiano,Chestnut,Research and Development,M,63520.0,true,1905.6
29-0589618,Bartolomeo,Northern,Sales,M,93492.6,false,0
60-4817591,Ceciley,Primmer,Sales,F,70429.82,false,0
55-1730064,Leighton,Doles,Support,M,42338.51,true,1270.1553
27-1859098,Delphine,Woodburne,Services,F,87281.72,false,0
29-3987309,Talya,Teaz,Marketing,F,47611.99,false,0
65-4149815,Ara,Strang,Human Resources,F,75872.75,true,2276.1825
51-2332898,Clerissa,Blaszczak,Human Resources,F,50613.04,true,1518.3912
10-5642271,Daphene,Farherty,Legal,F,52750.55,false,0
36-3063509,Babette,Saveall,Marketing,F,53405.03,true,1602.1509
48-1640585,Chester,Pordall,Marketing,M,100762.54,false,0
26-6161945,Skyler,Billson,Human Resources,M,79692.66,true,2390.7798
00-2369756,Emery,Eate,Research and Development,M,68099.6,true,2042.988
14-8784054,Noby,Gebbe,Support,M,54653.8,false,0
21-7137301,Palm,Izzatt,Human Resources,M,68391.26,true,2051.7378
95-2312651,Horatia,Rowesby,Business Development,F,75190.01,false,0
44-4515552,Eleanor,Keepe,Legal,F,67680.71,true,2030.4213
59-6279589,Anderea,Loosemore,Research and Development,F,31161.62,false,0
32-6286916,Dorine,Lynam,Engineering,F,75979.09,false,0
87-3439931,Zed,Morphew,Training,M,70085.9,true,2102.577
80-2531937,Ogden,Keary,Training,M,67240.63,false,0
27-1914213,Michelina,Dockrey,Human Resources,F,64548.73,false,0
49-9390168,Bertie,Fullard,Legal,M,91642.39,true,2749.2717
11-4136447,Malissa,Pautard,Research and Development,F,58697.05,false,0
15-7369677,Rebeca,Filippozzi,Services,F,83230.35,true,2496.9105
97-6750384,Allard,Vaud,Research and Development,M,65931.21,true,1977.9363
76-8108733,Queenie,Baudacci,Human Resources,F,83584.93,true,2507.5479
72-4806910,Dalila,Gloy,Research and Development,F,99493.52,true,2984.8056
53-5551049,Ric,Farrington,Support,M,124109.59,false,0
51-3897294,Susanna,Brumbye,Business Development,F,67826.06,true,2034.7818
83-8361972,Chrissie,Fewless,Legal,F,56762.05,true,1702.8615
35-0767173,Dode,McDermot,Accounting,F,39845.82,true,1195.3746
98-2289428,Quintilla,Airs,Services,F,83196.14,true,2495.8842
37-2871349,Dosi,Boxhall,Marketing,F,63252.28,false,0
71-7624676,Kyle,Presslie,Human Resources,F,52299.17,false,0
83-1850084,Selena,felip,Business Development,F,69815.75,false,0
92-0437587,Shirleen,Tezure,Accounting,F,61613.09,true,1848.3927
06-6444589,Bekki,Klimko,Business Development,F,38329.87,true,1149.8961
45-4834209,Beniamino,Bernardi,Marketing,M,64069.13,true,1922.0739
58-3141707,Herrick,Hews,Sales,M,73012.48,false,0
84-0460927,Sterling,Cato,Human Resources,M,59257.68,true,1777.7304
00-8454847,Fee,Hryniewicz,Human Resources,M,88756.66,true,2662.6998
13-7232907,Merola,Miguet,Sales,F,74126.97,true,2223.8091
64-9856440,Waylon,Liggens,Research and Development,M,108100.02,false,0
51-7872665,Tommy,Scamel,Sales,M,85692.65,true,2570.7795
70-8388533,Chaunce,Windrum,Services,M,44755.15,true,1342.6545
20-2510615,Edita,Pettis,Marketing,F,46444.31,false,0
94-3286608,Stanislaus,Schinetti,Support,M,59051.55,false,0
05-4570337,Cosme,Standfield,Business Development,M,92260.05,false,0
42-8709690,Ivar,Levin,Legal,M,47394.8,false,0
62-5399307,Weider,Tompsett,Support,M,72049.47,false,0
79-6299167,Prisca,Crowd,Engineering,F,70677.26,false,0
90-9923855,Jason,Gantzman,Research and Development,M,75869.0,true,2276.07
61-2888391,Annabel,McArdle,Research and Development,F,48855.51,true,1465.6653
60-2170378,Borden,Simper,Engineering,M,61516.95,true,1845.5085
67-9711701,Toma,O'Loughane,Accounting,F,89250.6,true,2677.518
90-7447169,Kellsie,Hynde,Sales,F,26027.31,true,780.8193
30-4531733,Junette,Guillford,Legal,F,105675.17,true,3170.2551
51-5069564,Cara,Saxby,Services,F,60032.54,true,1800.9762
06-4738710,Saidee,Northwood,Accounting,F,49529.93,false,0
77-5764364,Eveleen,Rothert,Sales,F,29003.67,false,0
67-4832304,Merla,Horley,Sales,F,91468.03,false,0
44-4213765,Toinette,Yarrall,Engineering,F,36237.41,false,0
46-7012449,Sutton,Tracy,Human Resources,M,51256.53,false,0
05-6508092,Jacqueline,Paulson,Services,F,74786.39,false,0
70-5926145,Meryl,Slany,Marketing,M,69586.05,true,2087.5815
40-4009177,Dix,Prosh,Accounting,F,74650.71,true,2239.5213
47-8727697,Waldemar,Titterton,Engineering,M,72199.75,true,2165.9925
87-6570278,Sosanna,Arp,Sales,F,79298.72,false,0
75-7411542,Adrien,Kyrkeman,Human Resources,M,83891.87,true,2516.7561
08-7317207,Emmy,Traise,Human Resources,F,64426.1,true,1932.783
82-8892545,Aida,Devenish,Business Development,F,75104.16,false,0
28-1077657,Andrey,Goold,Services,M,83167.95,true,2495.0385
38-5771183,Rock,Kristiansen,Product Management,M,77712.51,false,0
12-4475420,Siouxie,Pulver,Business Development,F,71772.52,false,0
79-1869970,Hugh,Darlow,Engineering,M,104213.87,false,0
55-6512671,Garland,Fancy,Product Management,F,59468.92,false,0
46-1108827,Robenia,Taylour,Services,F,54012.47,false,0
59-2671800,Hamil,Dealy,Training,M,47250.75,false,0
44-1172979,Ricard,Birbeck,Research and Development,M,67632.64,true,2028.9792
35-3060260,Harwell,Lyddy,Legal,M,49553.58,true,1486.6074
41-8598433,Aloisia,Snar,Engineering,F,60489.08,true,1814.6724
36-0746110,Moreen,Downes,Product Management,F,41105.78,false,0
61-0700242,Henrik,Weale,Accounting,M,82323.35,false,0
54-8241289,Annelise,Gamlin,Research and Development,F,74973.88,false,0
02-0615037,Derron,Apfelmann,Training,M,24148.47,true,724.4541
62-1415163,Corny,Burditt,Training,F,83911.77,false,0
91-2217402,Dare,Dodgson,Engineering,M,67222.39,false,0
69-0866768,Chic,Cossam,Training,M,82949.38,true,2488.4814
19-5289990,Dorie,Purseglove,Engineering,M,33553.44,false,0
51-0216813,Nealy,Willeson,Human Resources,M,27873.21,false,0
16-9888166,Alden,Judd,Engineering,M,75635.6,true,2269.068
95-2051469,Angel,Braunfeld,Services,M,48778.69,false,0
24-8824819,Connor,McKinnon,Research and Development,M,82387.61,true,2471.6283
50-4904599,Junie,Gritten,Services,F,64045.68,false,0
69-7843789,Jayne,Rodolf,Engineering,F,62547.88,true,1876.4364
94-4549182,Rosemonde,Sendley,Training,F,76426.95,true,2292.8085
12-3958551,Talbot,McNea,Marketing,M,64209.71,false,0
02-2978013,Glyn,Fonzone,Services,F,85631.28,false,0
79-0916324,Inna,Stroud,Product Management,F,71988.37,false,0
53-5379682,Geneva,Creyke,Research and Development,F,52835.84,false,0
79-3336119,Maire,Leghorn,Engineering,F,53306.13,true,1599.1839
20-2174284,Beaufort,Varvara,Product Management,M,45596.55,false,0
64-7342344,Cori,Gillam,Research and Development,F,79689.84,true,2390.6952
04-7675027,Tana,Edgler,Marketing,F,60581.86,false,0
63-4866030,Ceil,Bellham,Marketing,F,97863.09,false,0
72-8611475,Otto,Relph,Marketing,M,88127.98,false,0
01-8071798,Efrem,Bloxsum,Marketing,M,73534.73,true,2206.0419
80-2637018,Edd,Hegges,Support,M,98900.44,false,0
44-2773114,Aguistin,Corroyer,Legal,M,111524.58,false,0
95-3462738,Loren,Sharply,Legal,F,65037.06,true,1951.1118
58-4183681,Nana,Guildford,Product Management,F,79248.35,true,2377.4505
52-9069386,Meredeth,Donkersley,Legal,M,117083.63,false,0
20-5489788,Nancie,Themann,Support,F,61803.83,true,1854.1149
13-4704405,Hunfredo,Loblie,Research and Development,M,110006.17,false,0
52-1698432,Bourke,Moohan,Business Development,M,94067.25,true,2822.0175
92-5230865,Correna,Lewinton,Sales,F,94820.29,true,2844.6087
50-3798384,Annecorinne,Cuardall,Services,F,59308.7,true,1779.261
37-7034235,Hilary,Yellop,Engineering,M,102412.04,true,3072.3612
45-9065455,Fax,Garie,Accounting,M,36722.73,false,0
18-0958357,Alikee,Cheer,Research and Development,F,90964.98,false,0
15-7792808,Carson,Warby,Marketing,M,86762.32,false,0
92-3741888,Linoel,Chaudrelle,Marketing,M,95837.12,false,0
42-4713179,Adolf,Bodicum,Business Development,M,71395.61,false,0
76-2547726,Emilio,Fivey,Training,M,85561.27,false,0
37-4580935,Frazier,Greatham,Engineering,M,77874.62,false,0
74-6850821,Devland,Ruddin,Business Development,M,74887.45,false,0
22-7499648,Enoch,Challen,Marketing,M,70028.57,false,0
15-5563554,Colas,Pynn,Human Resources,M,70638.41,false,0
10-6281163,Griff,Beckham,Human Resources,M,43536.56,false,0
28-4216512,Theodoric,Bubbins,Support,M,83159.29,true,2494.7787
52-6173275,Dolly,FitzAlan,Research and Development,F,104593.39,true,3137.8017
55-7477743,Lynette,Ixer,Sales,F,74056.8,false,0
00-5239639,Mariam,Rollings,Legal,F,88275.12,true,2648.2536
06-5668148,Agnesse,Cassius,Engineering,F,79115.26,true,2373.4578
05-9399066,Roxine,Brum,Accounting,F,90518.91,false,0
17-4216344,Lee,Writer,Human Resources,M,75456.62,false,0
37-7023880,Bernetta,Smallridge,Services,F,54795.73,false,0
50-5723124,Kaile,Scanderet,Support,F,75908.23,true,2277.2469
33-5408248,Stephan,Haseldine,Legal,M,43580.21,false,0
83-2029489,Melany,Athey,Accounting,F,72890.14,false,0
78-9344768,Mallory,Luter,Product Management,M,22244.51,false,0
65-3941765,Briggs,Worland,Business Development,M,74924.32,true,2247.7296
55-2874883,Hermy,Howels,Engineering,M,58620.57,false,0
68-8945602,Thaxter,Klosterman,Support,M,47858.99,false,0
10-4210589,Clarette,Chiles,Business Development,F,73944.46,true,2218.3338
94-3291911,Cullin,Enrietto,Accounting,M,77707.77,true,2331.2331
67-7887965,Sunshine,Soreau,Services,F,85781.33,true,2573.4399
02-7337222,Selene,Haylett,Training,F,120608.33,true,3618.2499
26-0868811,Burty,Bennion,Legal,M,72900.91,true,2187.0273
06-6987822,Jayme,Uren,Accounting,F,47907.7,true,1437.231
21-8353472,Ronica,Gonet,Product Management,F,60685.69,true,1820.5707
99-0770174,Rikki,Kryska,Sales,M,53843.73,true,1615.3119
96-3541370,Caty,Gatch,Business Development,F,37407.64,true,1122.2292
76-4623656,Reinaldo,Dametti,Human Resources,M,56691.67,true,1700.7501
63-2733375,Thia,Sturdey,Business Development,F,94741.04,false,0
86-0018505,Tomkin,Gerish,Product Management,M,53754.59,true,1612.6377
40-2031456,Carmelia,Huscroft,Accounting,F,64104.13,true,1923.1239
83-4268730,Raphael,Farmer,Engineering,M,65229.2,false,0
34-9818871,Reinaldo,Neilson,Training,M,78467.67,true,2354.0301
11-4661381,Mycah,Asaaf,Research and Development,M,70406.49,true,2112.1947
87-9839242,Elianora,Isherwood,Marketing,F,52330.59,false,0
38-7157921,Nady,Wadesworth,Sales,F,91459.93,false,0
68-6510949,Dannie,Giacomucci,Engineering,F,36071.99,false,0
82-4996412,Myrlene,Jumel,Training,F,62062.76,false,0
84-2442561,Sibyl,Gawke,Business Development,F,74444.77,true,2233.3431
11-3668177,Joel,Jozwicki,Human Resources,M,32852.49,false,0
17-1572059,Norri,Stendall,Support,F,75814.71,false,0
66-9265512,Garwin,Chittem,Accounting,M,96143.91,true,2884.3173
09-1821188,Klemens,Demsey,Product Management,M,67818.62,false,0
96-2229657,Rogers,Leddy,Product Management,M,44146.34,true,1324.3902
51-2739896,Hamnet,Jimes,Accounting,M,55510.29,false,0
09-1170574,Ruby,Fitzsymons,Business Development,F,74510.73,true,2235.3219
04-9918415,Modestia,Piburn,Marketing,F,97498.06,true,2924.9418
49-5725306,Gaby,Itter,Research and Development,F,83808.61,true,2514.2583
88-4853837,Nariko,Eingerfield,Accounting,F,102507.28,false,0
00-0822689,Jamal,Mawman,Research and Development,M,124778.92,true,3743.3676
85-8091517,Rheba,Furniss,Engineering,F,92532.63,true,2775.9789
46-3947084,Dagny,Giorgioni,Legal,M,64705.53,true,1941.1659
76-2710590,Marsh,De Paoli,Training,M,79219.65,true,2376.5895
51-8193300,Shelden,Parkinson,Services,M,85496.66,true,2564.8998
99-0573244,Dorolisa,Mankor,Accounting,F,49764.6,false,0
30-1679455,Anneliese,Moulden,Engineering,F,42697.4,false,0
78-9650351,Aretha,Blandford,Legal,F,70953.45,true,2128.6035
39-1778949,Renaud,Alexander,Sales,M,66437.97,false,0
83-4982992,Annaliese,Reckus,Services,F,69834.51,true,2095.0353
82-3756479,Armand,Hembrow,Legal,M,107167.3,true,3215.019
31-7315118,Chloe,Dewing,Engineering,F,66557.5,true,1996.725
46-8535890,Harvey,Palfrey,Sales,M,78331.24,true,2349.9372
98-1008761,Melinde,Pohlak,Marketing,F,66933.26,true,2007.9978
26-4781889,Lanie,Doerr,Marketing,F,80350.08,true,2410.5024
24-0901066,Terrie,Bignold,Training,F,50434.77,false,0
69-1899792,Benedetto,Rodrigues,Product Management,M,94367.11,true,2831.0133
64-4361169,Belia,Town,Engineering,F,52463.8,true,1573.914
85-9352643,Kellen,Riseley,Sales,M,76368.71,true,2291.0613
79-1237866,Krystal,Lawlor,Accounting,F,49006.02,false,0
33-9692926,Sadie,Zarfati,Legal,F,49605.43,false,0
19-1663560,Taffy,De Bruyne,Support,F,71982.61,false,0
92-2233005,Theresa,Vardie,Services,F,34295.71,true,1028.8713
61-4949953,Jacintha,Powell,Legal,F,85680.81,true,2570.4243
60-9338251,Sallee,Pillinger,Engineering,F,75958.76,false,0
50-4161172,Deborah,Lefley,Legal,F,61836.27,true,1855.0881
44-3500805,Darla,Roxby,Human Resources,F,75995.37,true,2279.8611
33-1418367,Ogdan,Killcross,Accounting,M,31493.07,false,0
27-3992103,Morgen,Hamel,Marketing,F,41851.95,true,1255.5585
90-3833042,Helene,Tyhurst,Engineering,F,57615.52,false,0
39-0595789,Lon,Trowbridge,Engineering,M,83642.71,false,0
27-0654854,Webb,Holyland,Marketing,M,88133.56,true,2644.0068
32-5566133,Ogdon,Ickovic,Research and Development,M,89993.11,false,0
67-5529216,Boonie,Jaume,Product Management,M,66755.0,true,2002.65
29-4101703,Grove,Coonan,Engineering,M,67140.46,false,0
00-2614015,Danyette,Kamien,Human Resources,F,85241.24,false,0
15-3059353,Win,Stern,Support,M,82920.82,true,2487.6246
65-1270118,Eric,Vivians,Human Resources,M,44178.24,true,1325.3472
17-8033519,Rosalia,McRuvie,Product Management,F,77684.32,false,0
37-5614841,Melisandra,MacAdam,Marketing,F,49719.31,true,1491.5793
80-9667814,Ardelle,Betterton,Engineering,F,42607.51,true,1278.2253
86-3723105,Rich,Browncey,Engineering,M,103773.13,false,0
16-4234757,Lynde,Haynes,Business Development,F,96968.12,true,2909.0436
38-5292411,Lorene,Florentine,Sales,F,55392.91,true,1661.7873
60-0316241,Nicki,McCorry,Services,F,35249.73,true,1057.4919
00-7925909,Tabbitha,Budleigh,Sales,F,37719.68,false,0
94-8086585,Millisent,Howship,Human Resources,F,76382.14,true,2291.4642
06-3792137,Doralia,Shasnan,Human Resources,F,76760.19,true,2302.8057
84-8896376,Stinky,Liston,Legal,M,59816.69,false,0
64-4854550,Kingsley,Wannop,Services,M,73926.6,false,0
59-2074897,Mike,Youd,Marketing,M,79515.15,false,0
90-1074559,Eugine,Jesper,Engineering,F,72665.87,false,0
21-8490848,Walliw,Maccree,Marketing,F,95470.29,true,2864.1087
08-8267546,Heall,Grund,Engineering,M,94750.73,true,2842.5219
89-1118813,Gloriane,Calvert,Services,F,57038.91,true,1711.1673
67-1391907,Helaine,Fallens,Accounting,F,73674.42,false,0
94-4867403,Anne,Welland,Training,F,121722.83,false,0
22-2936971,Lottie,Tee,Engineering,F,62940.03,false,0
16-5998021,Keefe,Garci,Human Resources,M,79389.39,false,0
69-9720256,Colby,Chapelhow,Support,M,56529.68,false,0
03-7094273,Gilemette,Speer,Marketing,F,61476.82,true,1844.3046
80-4739459,Josy,Randals,Support,F,24803.73,true,744.1119
26-6699124,Milty,Targe,Business Development,M,57855.22,false,0
04-3400128,Elysia,Jewiss,Sales,F,98877.75,true,2966.3325
49-9465241,Farr,New,Business Development,M,91844.36,false,0
50-5604983,Gunner,Brotherton,Legal,M,64817.39,true,1944.5217
62-9634938,Madison,Rosenshine,Legal,M,76319.42,true,2289.5826
66-8586117,Kermie,Strickler,Legal,M,60369.27,false,0
15-9229609,Lorin,Birckmann,Sales,M,79903.17,true,2397.0951
45-6136743,Ivy,Mant,Research and Development,F,77947.46,false,0
83-1349119,Teodorico,Castlake,Product Management,M,93496.47,false,0
95-4953588,Herold,Cowp,Human Resources,M,68308.57,true,2049.2571
83-3765587,Kira,Moule,Product Management,F,86820.01,true,2604.6003
45-7496027,Stacee,Calderwood,Business Development,M,70817.59,false,0
60-7094389,Gabriele,Demetr,Services,M,61967.5,false,0
30-2403318,Carine,Knocker,Training,F,128329.36,false,0
10-5534122,Alyosha,Bowie,Research and Development,M,114143.17,true,3424.2951
66-3750079,Cally,Camillo,Support,F,69119.65,true,2073.5895
64-7410677,Bailie,Halladay,Marketing,M,63259.55,false,0
95-7013893,Bertrand,Sanham,Training,M,71203.84,false,0
73-7543796,Westleigh,Ingerson,Support,M,47901.86,true,1437.0558
89-1748473,Jeanie,Pavlenkov,Marketing,F,99954.57,true,2998.6371
26-9032719,Ernesto,Fonso,Accounting,M,59816.96,false,0
99-4346644,Katheryn,Flounders,Support,F,112088.29,true,3362.6487
98-8924916,Mayer,Barniss,Business Development,M,67182.69,true,2015.4807
01-9464921,Eleni,Henken,Marketing,F,68943.44,false,0
00-9308204,Sisile,Ludlam,Support,F,76289.73,false,0
